TICKER,NOME,VALOR
$NQ1!,CallWall,25000.0
$NQ1!,PutWall,24920.0
$NQ1!,HVL,24940.0
$NQ1!,1D Min,24730.9
$NQ1!,1D Max,25275.1
$NQ1!,CallWall 0DTE,25000.0
$NQ1!,PutWall 0DTE,24920.0
$NQ1!,HVL 0DTE,24940.0
$NQ1!,GammaWall 0DTE,25000.0
$NQ1!,G1,24900.0
$NQ1!,G2,24750.0
$NQ1!,G3,24950.0
$NQ1!,G4,25200.0
$NQ1!,G5,24925.0
$NQ1!,G6,24500.0
$NQ1!,G7,25500.0
$NQ1!,G8,25300.0
$NQ1!,G9,25400.0
$NQ1!,G10,24700.0
$NDX,CallWall,24525.0
$NDX,PutWall,22500.0
$NDX,HVL,23890.0
$NDX,1D Min,24487.54
$NDX,1D Max,25034.61
$NDX,CallWall 0DTE,24400.0
$NDX,PutWall 0DTE,24550.0
$NDX,HVL 0DTE,24340.0
$NDX,GammaWall 0DTE,24400.0
$NDX,G1,24500.0
$NDX,G2,24600.0
$NDX,G3,25000.0
$NDX,G4,24800.0
$NDX,G5,24900.0
$NDX,G6,24250.0
$NDX,G7,25100.0
$NDX,G8,24300.0
$NDX,G9,25200.0
$NDX,G10,24450.0
$QQQ,CallWall,600.0
$QQQ,PutWall,560.0
$QQQ,HVL,594.0
$QQQ,1D Min,595.6
$QQQ,1D Max,608.8
$QQQ,CallWall 0DTE,605.0
$QQQ,PutWall 0DTE,595.0
$QQQ,HVL 0DTE,596.0
$QQQ,GammaWall 0DTE,605.0
$QQQ,G1,598.0
$QQQ,G2,602.0
$QQQ,G3,603.0
$QQQ,G4,604.0
$QQQ,G5,601.0
$QQQ,G6,610.0
$QQQ,G7,615.0
$QQQ,G8,590.0
$QQQ,G9,594.78
$QQQ,G10,592.0
$ES1!,CallWall,6750.0
$ES1!,PutWall,6500.0
$ES1!,HVL,6730.0
$ES1!,1D Min,6697.46
$ES1!,1D Max,6807.54
$ES1!,CallWall 0DTE,6750.0
$ES1!,PutWall 0DTE,6730.0
$ES1!,HVL 0DTE,6730.0
$ES1!,GammaWall 0DTE,6750.0
$ES1!,G1,6800.0
$ES1!,G2,6775.0
$ES1!,G3,6700.0
$ES1!,G4,6760.0
$ES1!,G5,6765.0
$ES1!,G6,6850.0
$ES1!,G7,6825.0
$ES1!,G8,6650.0
$ES1!,G9,6675.0
$ES1!,G10,6660.0
$SPX,CallWall,6700.0
$SPX,PutWall,6000.0
$SPX,HVL,6595.0
$SPX,1D Min,6637.73
$SPX,1D Max,6749.79
$SPX,CallWall 0DTE,6700.0
$SPX,PutWall 0DTE,6600.0
$SPX,HVL 0DTE,6625.0
$SPX,GammaWall 0DTE,6700.0
$SPX,G1,6650.0
$SPX,G2,6725.0
$SPX,G3,6675.0
$SPX,G4,6710.0
$SPX,G5,6740.0
$SPX,G6,6800.0
$SPX,G7,6750.0
$SPX,G8,6775.0
$SPX,G9,6780.0
$SPX,G10,6630.0
$SPY,CallWall,670.0
$SPY,PutWall,650.0
$SPY,HVL,658.0
$SPY,1D Min,661.29
$SPY,1D Max,672.39
$SPY,CallWall 0DTE,667.0
$SPY,PutWall 0DTE,661.0
$SPY,HVL 0DTE,662.0
$SPY,GammaWall 0DTE,667.0
$SPY,G1,665.0
$SPY,G2,663.0
$SPY,G3,668.0
$SPY,G4,669.0
$SPY,G5,666.0
$SPY,G6,675.0
$SPY,G7,660.0
$SPY,G8,674.0
$SPY,G9,673.0
$SPY,G10,657.0
$VIX,CallWall,25.0
$VIX,PutWall,15.0
$VIX,HVL,19.5
$VIX,1D Min,14.18
$VIX,1D Max,18.02
$VIX,CallWall 0DTE,17.0
$VIX,PutWall 0DTE,14.5
$VIX,HVL 0DTE,15.0
$VIX,GammaWall 0DTE,17.0
$VIX,G1,15.5
$VIX,G2,18.0
$VIX,G3,16.0
$VIX,G4,17.5
$VIX,G5,16.5
$VIX,G6,19.0
$VIX,G7,14.0
$VIX,G8,18.5
$VIX,G9,13.5
$VIX,G10,13.0
$VXX,CallWall,40.0
$VXX,PutWall,32.5
$VXX,HVL,32.5
$VXX,1D Min,30.67
$VXX,1D Max,36.93
$VXX,CallWall 0DTE,35.0
$VXX,PutWall 0DTE,32.5
$VXX,HVL 0DTE,33.0
$VXX,GammaWall 0DTE,35.0
$VXX,G1,34.0
$VXX,G2,32.0
$VXX,G3,36.0
$VXX,G4,33.5
$VXX,G5,31.0
$VXX,G6,29.0
$VXX,G7,28.0
$VXX,G8,37.0
$VXX,G9,39.0
$VXX,G10,30.0
$GCZ2025,CallWall,3900.0
$GCZ2025,PutWall,3620.0
$GCZ2025,HVL,3495.0
$GCZ2025,1D Min,3736.29
$GCZ2025,1D Max,3813.91
$GCZ2025,CallWall 0DTE,3825.0
$GCZ2025,PutWall 0DTE,3650.0
$GCZ2025,HVL 0DTE,3720.0
$GCZ2025,GammaWall 0DTE,3825.0
$GCZ2025,G1,3800.0
$GCZ2025,G2,3750.0
$GCZ2025,G3,3780.0
$GCZ2025,G4,3775.0
$GCZ2025,G5,3810.0
$GCZ2025,G6,3850.0
$GCZ2025,G7,3700.0
$GCZ2025,G8,3710.0
$GCZ2025,G9,3830.0
$GCZ2025,G10,3725.0
$GLD,CallWall,340.0
$GLD,PutWall,333.0
$GLD,HVL,329.0
$GLD,1D Min,339.92
$GLD,1D Max,350.18
$GLD,CallWall 0DTE,345.0
$GLD,PutWall 0DTE,335.0
$GLD,HVL 0DTE,335.0
$GLD,GammaWall 0DTE,345.0
$GLD,G1,350.0
$GLD,G2,341.0
$GLD,G3,343.0
$GLD,G4,344.0
$GLD,G5,342.0
$GLD,G6,355.0
$GLD,G7,339.0
$GLD,G8,337.0
$GLD,G9,353.0
$GLD,G10,336.0
$CLV2025,CallWall,67.39
$CLV2025,PutWall,60.35
$CLV2025,HVL,62.86
$CLV2025,1D Min,61.54
$CLV2025,1D Max,63.74
$CLV2025,CallWall 0DTE,63.87
$CLV2025,PutWall 0DTE,61.35
$CLV2025,HVL 0DTE,62.61
$CLV2025,GammaWall 0DTE,63.87
$CLV2025,G1,61.86
$CLV2025,G2,63.11
$CLV2025,G3,62.36
$CLV2025,G4,63.36
$CLV2025,G5,63.62
$CLV2025,G6,60.85
$CLV2025,G7,64.37
$CLV2025,G8,64.12
$CLV2025,G9,61.1
$CLV2025,G10,60.6
$USO,CallWall,78.0
$USO,PutWall,72.0
$USO,HVL,76.0
$USO,1D Min,71.69
$USO,1D Max,75.21
$USO,CallWall 0DTE,77.0
$USO,PutWall 0DTE,75.0
$USO,HVL 0DTE,76.0
$USO,GammaWall 0DTE,77.0
$USO,G1,73.0
$USO,G2,73.5
$USO,G3,74.0
$USO,G4,72.5
$USO,G5,74.5
$USO,G6,70.0
$USO,G7,71.0
$USO,G8,71.5
$USO,G9,70.5
$USO,G10,75.5
$ZF1!,CallWall,110.0
$ZF1!,PutWall,109.25
$ZF1!,HVL,109.25
$ZF1!,1D Min,109.16
$ZF1!,1D Max,109.6
$ZF1!,CallWall 0DTE,109.75
$ZF1!,PutWall 0DTE,109.5
$ZF1!,HVL 0DTE,109.5
$ZF1!,GammaWall 0DTE,109.75
$ZF1!,G1,109.0
$ZF1!,G2,108.25
$ZF1!,G3,110.5
$ZF1!,G4,108.75
$ZF1!,G5,111.0
$ZF1!,G6,110.75
$ZF1!,G7,111.5
$ZF1!,G8,110.25
$ZF1!,G9,108.5
$ZF1!,G10,108.0
$ZT1!,CallWall,105.0
$ZT1!,PutWall,104.38
$ZT1!,HVL,104.88
$ZT1!,1D Min,104.18
$ZT1!,1D Max,104.35
$ZT1!,CallWall 0DTE,104.38
$ZT1!,PutWall 0DTE,104.25
$ZT1!,HVL 0DTE,104.25
$ZT1!,GammaWall 0DTE,104.38
$ZT1!,G1,104.12
$ZT1!,G2,104.5
$ZT1!,G3,103.88
$ZT1!,G4,104.0
$ZT1!,G5,103.75
$ZT1!,G6,104.62
$ZT1!,G7,104.75
$ZT1!,G8,105.25
$ZT1!,G9,103.5
$ZT1!,G10,103.62
$ZN1!,CallWall,113.0
$ZN1!,PutWall,112.5
$ZN1!,HVL,112.75
$ZN1!,1D Min,112.35
$ZN1!,1D Max,113.06
$ZN1!,CallWall 0DTE,113.5
$ZN1!,PutWall 0DTE,112.5
$ZN1!,HVL 0DTE,112.75
$ZN1!,GammaWall 0DTE,113.5
$ZN1!,G1,112.0
$ZN1!,G2,113.25
$ZN1!,G3,112.25
$ZN1!,G4,114.0
$ZN1!,G5,111.5
$ZN1!,G6,115.0
$ZN1!,G7,111.0
$ZN1!,G8,114.5
$ZN1!,G9,110.5
$ZN1!,G10,115.5
$RTY1!,CallWall,2500.0
$RTY1!,PutWall,2470.0
$RTY1!,HVL,2470.0
$RTY1!,1D Min,2449.54
$RTY1!,1D Max,2514.26
$RTY1!,CallWall 0DTE,2490.0
$RTY1!,PutWall 0DTE,2470.0
$RTY1!,HVL 0DTE,2480.0
$RTY1!,GammaWall 0DTE,2490.0
$RTY1!,G1,2475.0
$RTY1!,G2,2450.0
$RTY1!,G3,2460.0
$RTY1!,G4,2510.0
$RTY1!,G5,2530.0
$RTY1!,G6,2525.0
$RTY1!,G7,2425.0
$RTY1!,G8,2520.0
$RTY1!,G9,2540.0
$RTY1!,G10,2430.0
$6CZ2025,CallWall,0.73
$6CZ2025,PutWall,0.725
$6CZ2025,HVL,0.7275
$6CZ2025,1D Min,0.72437
$6CZ2025,1D Max,0.72843
$6CZ2025,CallWall 0DTE,0.7275
$6CZ2025,PutWall 0DTE,0.725
$6CZ2025,HVL 0DTE,0.73
$6CZ2025,GammaWall 0DTE,0.7275
$6CZ2025,G1,0.7225
$6CZ2025,G2,0.72
$6CZ2025,G3,0.715
$6CZ2025,G4,0.74
$6CZ2025,G5,0.75
$6CZ2025,G6,0.735
$6CZ2025,G7,0.71
$6CZ2025,G8,0.7175
$6CZ2025,G9,0.745
$6CZ2025,G10,0.7325
$6EZ2025,CallWall,1.2
$6EZ2025,PutWall,1.17
$6EZ2025,HVL,1.1775
$6EZ2025,1D Min,1.18037
$6EZ2025,1D Max,1.19043
$6EZ2025,CallWall 0DTE,1.1875
$6EZ2025,PutWall 0DTE,1.18
$6EZ2025,HVL 0DTE,1.18
$6EZ2025,GammaWall 0DTE,1.1875
$6EZ2025,G1,1.19
$6EZ2025,G2,1.185
$6EZ2025,G3,1.1825
$6EZ2025,G4,1.195
$6EZ2025,G5,1.1925
$6EZ2025,G6,1.21
$6EZ2025,G7,1.22
$6EZ2025,G8,1.175
$6EZ2025,G9,1.16
$6EZ2025,G10,1.155
$6JZ2025,CallWall,0.00688
$6JZ2025,PutWall,0.00675
$6JZ2025,HVL,0.00678
$6JZ2025,1D Min,0.00679
$6JZ2025,1D Max,0.00686
$6JZ2025,CallWall 0DTE,0.00682
$6JZ2025,PutWall 0DTE,0.00672
$6JZ2025,HVL 0DTE,0.00678
$6JZ2025,GammaWall 0DTE,0.00682
$6JZ2025,G1,0.00685
$6JZ2025,G2,0.0068
$6JZ2025,G3,0.0069
$6JZ2025,G4,0.007
$6JZ2025,G5,0.00705
$6JZ2025,G6,0.0067
$6JZ2025,G7,0.0071
$6JZ2025,G8,0.0072
$6JZ2025,G9,0.00695
$6JZ2025,G10,0.00655
$6SZ2025,CallWall,1.295
$6SZ2025,PutWall,1.275
$6SZ2025,HVL,1.285
$6SZ2025,1D Min,1.26869
$6SZ2025,1D Max,1.28001
$6SZ2025,CallWall 0DTE,1.285
$6SZ2025,PutWall 0DTE,1.265
$6SZ2025,HVL 0DTE,1.265
$6SZ2025,GammaWall 0DTE,1.285
$6SZ2025,G1,1.27
$6SZ2025,G2,1.28
$6SZ2025,G3,1.195
$6SZ2025,G4,1.25
$6SZ2025,G5,1.305
$6SZ2025,G6,1.185
$6SZ2025,G7,1.31
$6SZ2025,G8,1.3
$6SZ2025,G9,1.24
$6SZ2025,G10,1.22
$6AZ2025,CallWall,0.68
$6AZ2025,PutWall,0.65
$6AZ2025,HVL,0.6575
$6AZ2025,1D Min,0.65734
$6AZ2025,1D Max,0.66406
$6AZ2025,CallWall 0DTE,0.6625
$6AZ2025,PutWall 0DTE,0.675
$6AZ2025,HVL 0DTE,0.66
$6AZ2025,GammaWall 0DTE,0.6625
$6AZ2025,G1,0.665
$6AZ2025,G2,0.655
$6AZ2025,G3,0.67
$6AZ2025,G4,0.685
$6AZ2025,G5,0.64
$6AZ2025,G6,0.6675
$6AZ2025,G7,0.645
$6AZ2025,G8,0.6525
$6AZ2025,G9,0.69
$6AZ2025,G10,0.635
$6BZ2025,CallWall,1.3575
$6BZ2025,PutWall,1.35
$6BZ2025,HVL,1.355
$6BZ2025,1D Min,1.34617
$6BZ2025,1D Max,1.35783
$6BZ2025,CallWall 0DTE,1.37
$6BZ2025,PutWall 0DTE,1.35
$6BZ2025,HVL 0DTE,1.36
$6BZ2025,GammaWall 0DTE,1.37
$6BZ2025,G1,1.3475
$6BZ2025,G2,1.3525
$6BZ2025,G3,1.3425
$6BZ2025,G4,1.345
$6BZ2025,G5,1.3625
$6BZ2025,G6,1.34
$6BZ2025,G7,1.38
$6BZ2025,G8,1.365
$6BZ2025,G9,1.33
$6BZ2025,G10,1.335
$AAPL,CallWall,250.0
$AAPL,PutWall,210.0
$AAPL,HVL,222.5
$AAPL,1D Min,247.59
$AAPL,1D Max,264.57
$AAPL,CallWall 0DTE,250.0
$AAPL,PutWall 0DTE,237.5
$AAPL,HVL 0DTE,237.5
$AAPL,GammaWall 0DTE,250.0
$AAPL,G1,260.0
$AAPL,G2,255.0
$AAPL,G3,252.5
$AAPL,G4,262.5
$AAPL,G5,257.5
$AAPL,G6,245.0
$AAPL,G7,240.0
$AAPL,G8,270.0
$AAPL,G9,265.0
$AAPL,G10,247.5
$GOOG,CallWall,250.0
$GOOG,PutWall,215.0
$GOOG,HVL,180.0
$GOOG,1D Min,241.15
$GOOG,1D Max,264.61
$GOOG,CallWall 0DTE,250.0
$GOOG,PutWall 0DTE,245.0
$GOOG,HVL 0DTE,247.5
$GOOG,GammaWall 0DTE,250.0
$GOOG,G1,260.0
$GOOG,G2,255.0
$GOOG,G3,257.5
$GOOG,G4,262.5
$GOOG,G5,252.5
$GOOG,G6,240.0
$GOOG,G7,270.0
$GOOG,G8,265.0
$GOOG,G9,230.0
$GOOG,G10,275.0
$META,CallWall,800.0
$META,PutWall,770.0
$META,HVL,772.5
$META,1D Min,727.56
$META,1D Max,802.76
$META,CallWall 0DTE,800.0
$META,PutWall 0DTE,770.0
$META,HVL 0DTE,772.5
$META,GammaWall 0DTE,800.0
$META,G1,780.0
$META,G2,790.0
$META,G3,760.0
$META,G4,775.0
$META,G5,750.0
$META,G6,820.0
$META,G7,810.0
$META,G8,700.0
$META,G9,830.0
$META,G10,840.0
$MSFT,CallWall,520.0
$MSFT,PutWall,475.0
$MSFT,HVL,482.5
$MSFT,1D Min,497.19
$MSFT,1D Max,531.71
$MSFT,CallWall 0DTE,520.0
$MSFT,PutWall 0DTE,500.0
$MSFT,HVL 0DTE,507.5
$MSFT,GammaWall 0DTE,520.0
$MSFT,G1,515.0
$MSFT,G2,530.0
$MSFT,G3,510.0
$MSFT,G4,525.0
$MSFT,G5,505.0
$MSFT,G6,485.0
$MSFT,G7,540.0
$MSFT,G8,535.0
$MSFT,G9,480.0
$MSFT,G10,490.0
$AVGO,CallWall,370.0
$AVGO,PutWall,320.0
$AVGO,HVL,342.5
$AVGO,1D Min,320.52
$AVGO,1D Max,357.06
$AVGO,CallWall 0DTE,355.0
$AVGO,PutWall 0DTE,320.0
$AVGO,HVL 0DTE,347.5
$AVGO,GammaWall 0DTE,355.0
$AVGO,G1,350.0
$AVGO,G2,330.0
$AVGO,G3,340.0
$AVGO,G4,332.5
$AVGO,G5,337.5
$AVGO,G6,360.0
$AVGO,G7,310.0
$AVGO,G8,375.0
$AVGO,G9,365.0
$AVGO,G10,315.0
$AMZN,CallWall,240.0
$AMZN,PutWall,200.0
$AMZN,HVL,227.5
$AMZN,1D Min,217.76
$AMZN,1D Max,237.5
$AMZN,CallWall 0DTE,237.5
$AMZN,PutWall 0DTE,225.0
$AMZN,HVL 0DTE,232.5
$AMZN,GammaWall 0DTE,237.5
$AMZN,G1,235.0
$AMZN,G2,220.0
$AMZN,G3,230.0
$AMZN,G4,222.5
$AMZN,G5,245.0
$AMZN,G6,215.0
$AMZN,G7,210.0
$AMZN,G8,242.5
$AMZN,G9,217.5
$AMZN,G10,212.5
$NVDA,CallWall,180.0
$NVDA,PutWall,160.0
$NVDA,HVL,174.0
$NVDA,1D Min,174.58
$NVDA,1D Max,192.64
$NVDA,CallWall 0DTE,180.0
$NVDA,PutWall 0DTE,165.0
$NVDA,HVL 0DTE,172.5
$NVDA,GammaWall 0DTE,180.0
$NVDA,G1,185.0
$NVDA,G2,190.0
$NVDA,G3,175.0
$NVDA,G4,177.5
$NVDA,G5,182.5
$NVDA,G6,200.0
$NVDA,G7,195.0
$NVDA,G8,170.0
$NVDA,G9,194.0
$NVDA,G10,167.5
$TSLA,CallWall,500.0
$TSLA,PutWall,370.0
$TSLA,HVL,397.5
$TSLA,1D Min,399.9
$TSLA,1D Max,468.52
$TSLA,CallWall 0DTE,435.0
$TSLA,PutWall 0DTE,400.0
$TSLA,HVL 0DTE,417.5
$TSLA,GammaWall 0DTE,435.0
$TSLA,G1,450.0
$TSLA,G2,455.0
$TSLA,G3,430.0
$TSLA,G4,420.0
$TSLA,G5,440.0
$TSLA,G6,470.0
$TSLA,G7,480.0
$TSLA,G8,490.0
$TSLA,G9,475.0
$TSLA,G10,390.0
$NFLX,CallWall,1300.0
$NFLX,PutWall,1200.0
$NFLX,HVL,1210.0
$NFLX,1D Min,1167.49
$NFLX,1D Max,1287.25
$NFLX,CallWall 0DTE,1290.0
$NFLX,PutWall 0DTE,1200.0
$NFLX,HVL 0DTE,1215.0
$NFLX,GammaWall 0DTE,1290.0
$NFLX,G1,1260.0
$NFLX,G2,1280.0
$NFLX,G3,1240.0
$NFLX,G4,1275.0
$NFLX,G5,1220.0
$NFLX,G6,1340.0
$NFLX,G7,1320.0
$NFLX,G8,1160.0
$NFLX,G9,1110.0
$NFLX,G10,1140.0
$COST,CallWall,1000.0
$COST,PutWall,940.0
$COST,HVL,967.5
$COST,1D Min,913.74
$COST,1D Max,972.78
$COST,CallWall 0DTE,1000.0
$COST,PutWall 0DTE,940.0
$COST,HVL 0DTE,967.5
$COST,GammaWall 0DTE,1000.0
$COST,G1,950.0
$COST,G2,920.0
$COST,G3,930.0
$COST,G4,925.0
$COST,G5,935.0
$COST,G6,900.0
$COST,G7,910.0
$COST,G8,980.0
$COST,G9,890.0
$COST,G10,895.0
$XLB,CallWall,95.0
$XLB,PutWall,88.0
$XLB,HVL,90.5
$XLB,1D Min,86.99
$XLB,1D Max,93.75
$XLB,CallWall 0DTE,93.0
$XLB,PutWall 0DTE,90.5
$XLB,HVL 0DTE,92.5
$XLB,GammaWall 0DTE,93.0
$XLB,G1,90.0
$XLB,G2,91.0
$XLB,G3,87.0
$XLB,G4,92.0
$XLB,G5,89.0
$XLB,G6,85.0
$XLB,G7,84.0
$XLB,G8,97.0
$XLB,G9,96.0
$XLB,G10,94.0
$XLI,CallWall,156.0
$XLI,PutWall,142.0
$XLI,HVL,151.0
$XLI,1D Min,150.39
$XLI,1D Max,155.61
$XLI,CallWall 0DTE,155.0
$XLI,PutWall 0DTE,150.0
$XLI,HVL 0DTE,154.0
$XLI,GammaWall 0DTE,155.0
$XLI,G1,152.0
$XLI,G2,153.0
$XLI,G3,152.5
$XLI,G4,148.0
$XLI,G5,158.0
$XLI,G6,157.0
$XLI,G7,149.0
$XLI,G8,148.5
$XLI,G9,149.5
$XLI,G10,157.5
$XLK,CallWall,300.0
$XLK,PutWall,255.0
$XLK,HVL,267.5
$XLK,1D Min,275.42
$XLK,1D Max,289.9
$XLK,CallWall 0DTE,280.0
$XLK,PutWall 0DTE,275.0
$XLK,HVL 0DTE,275.0
$XLK,GammaWall 0DTE,280.0
$XLK,G1,285.0
$XLK,G2,277.5
$XLK,G3,282.5
$XLK,G4,287.5
$XLK,G5,290.0
$XLK,G6,270.0
$XLK,G7,295.0
$XLK,G8,272.5
$XLK,G9,292.5
$XLK,G10,250.0
$XLF,CallWall,55.0
$XLF,PutWall,52.0
$XLF,HVL,54.0
$XLF,1D Min,52.93
$XLF,1D Max,55.07
$XLF,CallWall 0DTE,54.5
$XLF,PutWall 0DTE,54.0
$XLF,HVL 0DTE,54.0
$XLF,GammaWall 0DTE,54.5
$XLF,G1,53.0
$XLF,G2,53.5
$XLF,G3,56.0
$XLF,G4,52.5
$XLF,G5,55.5
$XLF,G6,57.0
$XLF,G7,60.0
$XLF,G8,51.0
$XLF,G9,58.0
$XLF,G10,45.0
$XLY,CallWall,240.0
$XLY,PutWall,235.0
$XLY,HVL,237.5
$XLY,1D Min,234.35
$XLY,1D Max,246.01
$XLY,CallWall 0DTE,245.0
$XLY,PutWall 0DTE,230.0
$XLY,HVL 0DTE,242.5
$XLY,GammaWall 0DTE,245.0
$XLY,G1,250.0
$XLY,G2,247.5
$XLY,G3,232.5
$XLY,G4,225.0
$XLY,G5,220.0
$XLY,G6,200.0
$XLY,G7,205.0
$XLY,G8,210.0
$XLY,G9,255.0
$XLY,G10,215.0
$XLP,CallWall,85.0
$XLP,PutWall,78.0
$XLP,HVL,81.0
$XLP,1D Min,76.41
$XLP,1D Max,79.51
$XLP,CallWall 0DTE,81.0
$XLP,PutWall 0DTE,80.0
$XLP,HVL 0DTE,80.0
$XLP,GammaWall 0DTE,81.0
$XLP,G1,79.0
$XLP,G2,77.0
$XLP,G3,79.5
$XLP,G4,78.5
$XLP,G5,77.5
$XLP,G6,75.0
$XLP,G7,76.0
$XLP,G8,80.5
$XLP,G9,75.5
$XLP,G10,74.0
$XLRE,CallWall,43.0
$XLRE,PutWall,42.0
$XLRE,HVL,42.0
$XLRE,1D Min,39.83
$XLRE,1D Max,43.51
$XLRE,CallWall 0DTE,43.0
$XLRE,PutWall 0DTE,42.0
$XLRE,HVL 0DTE,42.0
$XLRE,GammaWall 0DTE,43.0
$XLRE,G1,41.0
$XLRE,G2,40.0
$XLRE,G3,38.0
$XLRE,G4,44.0
$XLRE,G5,45.0
$XLRE,G6,39.0
$XLRE,G7,50.0
$XLRE,G8,32.0
$XLRE,G9,37.0
$XLRE,G10,35.0
$XLC,CallWall,119.0
$XLC,PutWall,110.0
$XLC,HVL,115.0
$XLC,1D Min,115.68
$XLC,1D Max,121.48
$XLC,CallWall 0DTE,119.0
$XLC,PutWall 0DTE,110.0
$XLC,HVL 0DTE,117.0
$XLC,GammaWall 0DTE,119.0
$XLC,G1,120.0
$XLC,G2,118.0
$XLC,G3,121.0
$XLC,G4,116.0
$XLC,G5,113.0
$XLC,G6,114.0
$XLC,G7,123.0
$XLC,G8,122.0
$XLC,G9,124.0
$XLC,G10,95.0
$XLE,CallWall,95.0
$XLE,PutWall,83.0
$XLE,HVL,89.0
$XLE,1D Min,85.39
$XLE,1D Max,89.95
$XLE,CallWall 0DTE,89.5
$XLE,PutWall 0DTE,88.5
$XLE,HVL 0DTE,88.5
$XLE,GammaWall 0DTE,89.5
$XLE,G1,88.0
$XLE,G2,86.0
$XLE,G3,87.0
$XLE,G4,87.5
$XLE,G5,86.5
$XLE,G6,84.0
$XLE,G7,85.0
$XLE,G8,92.0
$XLE,G9,90.0
$XLE,G10,91.0
$XLV,CallWall,150.0
$XLV,PutWall,131.0
$XLV,HVL,138.0
$XLV,1D Min,134.31
$XLV,1D Max,138.95
$XLV,CallWall 0DTE,139.0
$XLV,PutWall 0DTE,136.5
$XLV,HVL 0DTE,137.5
$XLV,GammaWall 0DTE,139.0
$XLV,G1,135.0
$XLV,G2,137.0
$XLV,G3,136.0
$XLV,G4,138.5
$XLV,G5,135.5
$XLV,G6,140.0
$XLV,G7,141.0
$XLV,G8,132.0
$XLV,G9,134.0
$XLV,G10,133.0
$XLU,CallWall,87.0
$XLU,PutWall,83.0
$XLU,HVL,84.5
$XLU,1D Min,83.15
$XLU,1D Max,87.25
$XLU,CallWall 0DTE,86.0
$XLU,PutWall 0DTE,82.0
$XLU,HVL 0DTE,84.5
$XLU,GammaWall 0DTE,86.0
$XLU,G1,85.0
$XLU,G2,84.0
$XLU,G3,83.5
$XLU,G4,85.5
$XLU,G5,86.5
$XLU,G6,88.0
$XLU,G7,89.0
$XLU,G8,82.5
$XLU,G9,81.5
$XLU,G10,87.5
$DIA,CallWall,470.0
$DIA,PutWall,460.0
$DIA,HVL,461.0
$DIA,1D Min,456.06
$DIA,1D Max,471.28
$DIA,CallWall 0DTE,473.0
$DIA,PutWall 0DTE,460.0
$DIA,HVL 0DTE,461.0
$DIA,GammaWall 0DTE,473.0
$DIA,G1,465.0
$DIA,G2,459.0
$DIA,G3,467.0
$DIA,G4,466.0
$DIA,G5,468.0
$DIA,G6,475.0
$DIA,G7,450.0
$DIA,G8,455.0
$DIA,G9,453.0
$DIA,G10,454.0
$MBTU2025,CallWall,120000.0
$MBTU2025,PutWall,112500.0
$MBTU2025,HVL,111500.0
$MBTU2025,1D Min,110039.98
$MBTU2025,1D Max,114460.02
$MBTU2025,CallWall 0DTE,117500.0
$MBTU2025,PutWall 0DTE,107000.0
$MBTU2025,HVL 0DTE,115000.0
$MBTU2025,GammaWall 0DTE,117500.0
$MBTU2025,G1,112000.0
$MBTU2025,G2,110500.0
$MBTU2025,G3,111000.0
$MBTU2025,G4,111750.0
$MBTU2025,G5,113250.0
$MBTU2025,G6,114500.0
$MBTU2025,G7,110000.0
$MBTU2025,G8,108000.0
$MBTU2025,G9,109000.0
$MBTU2025,G10,116000.0
$IBIT,CallWall,70.0
$IBIT,PutWall,60.0
$IBIT,HVL,64.5
$IBIT,1D Min,60.5
$IBIT,1D Max,66.8
$IBIT,CallWall 0DTE,67.0
$IBIT,PutWall 0DTE,63.0
$IBIT,HVL 0DTE,66.0
$IBIT,GammaWall 0DTE,67.0
$IBIT,G1,65.0
$IBIT,G2,61.0
$IBIT,G3,62.0
$IBIT,G4,64.0
$IBIT,G5,63.5
$IBIT,G6,68.0
$IBIT,G7,58.0
$IBIT,G8,69.0
$IBIT,G9,59.0
$IBIT,G10,67.5
$HG1!,CallWall,4.85
$HG1!,PutWall,4.5
$HG1!,HVL,4.58
$HG1!,1D Min,4.53
$HG1!,1D Max,4.64
$HG1!,CallWall 0DTE,4.6
$HG1!,PutWall 0DTE,4.44
$HG1!,HVL 0DTE,4.56
$HG1!,GammaWall 0DTE,4.6
$HG1!,G1,4.59
$HG1!,G2,4.62
$HG1!,G3,4.61
$HG1!,G4,4.55
$HG1!,G5,4.65
$HG1!,G6,4.67
$HG1!,G7,4.52
$HG1!,G8,4.68
$NG1!,CallWall,3.05
$NG1!,PutWall,2.75
$NG1!,HVL,3.0
$NG1!,1D Min,2.68
$NG1!,1D Max,2.93
$NG1!,CallWall 0DTE,3.05
$NG1!,PutWall 0DTE,2.75
$NG1!,HVL 0DTE,3.0
$NG1!,GammaWall 0DTE,3.05
$NG1!,G1,2.9
$NG1!,G2,2.7
$NG1!,G3,2.85
$NG1!,G4,2.8
$NG1!,G5,2.65
$NG1!,G6,2.6
$NG1!,G7,2.95
$NG1!,G8,2.5
$NG1!,G9,3.1
$NG1!,G10,3.25
$ZS1!,CallWall,1060.0
$ZS1!,PutWall,1000.0
$ZS1!,HVL,1050.0
$ZS1!,1D Min,1001.81
$ZS1!,1D Max,1020.19
$ZS1!,CallWall 0DTE,1060.0
$ZS1!,PutWall 0DTE,1000.0
$ZS1!,HVL 0DTE,1050.0
$ZS1!,GammaWall 0DTE,1060.0
$ZS1!,G1,1020.0
$ZS1!,G2,1010.0
$ZS1!,G3,1016.0
$ZS1!,G4,1012.0
$ZS1!,G5,1014.0
$ZS1!,G6,998.0
$ZS1!,G7,1022.0
$ZS1!,G8,1024.0
$ZS1!,G9,996.0
$ZS1!,G10,1026.0
$ZC1!,CallWall,430.0
$ZC1!,PutWall,400.0
$ZC1!,HVL,420.0
$ZC1!,1D Min,417.15
$ZC1!,1D Max,426.35
$ZC1!,CallWall 0DTE,430.0
$ZC1!,PutWall 0DTE,420.0
$ZC1!,HVL 0DTE,420.0
$ZC1!,GammaWall 0DTE,430.0
$ZC1!,G1,425.0
$ZC1!,G2,419.0
$ZC1!,G3,418.0
$ZC1!,G4,421.0
$ZC1!,G5,423.0
$ZC1!,G6,415.0
$ZC1!,G7,416.0
$ZC1!,G8,429.0
$ZC1!,G9,417.0
$ZC1!,G10,427.0
$ZW1!,CallWall,530.0
$ZW1!,PutWall,500.0
$ZW1!,HVL,525.0
$ZW1!,1D Min,504.31
$ZW1!,1D Max,517.19
$ZW1!,CallWall 0DTE,530.0
$ZW1!,PutWall 0DTE,520.0
$ZW1!,HVL 0DTE,525.0
$ZW1!,GammaWall 0DTE,530.0
$ZW1!,G1,515.0
$ZW1!,G2,505.0
$ZW1!,G3,510.0
$ZW1!,G4,508.0
$ZW1!,G5,512.0
$ZW1!,G6,504.0
$ZW1!,G7,522.0
$ZW1!,G8,518.0
$ZW1!,G9,502.0
$ZW1!,G10,498.0
$USDCAD,CallWall,1.3857
$USDCAD,PutWall,1.37621
$USDCAD,HVL,1.38094
$USDCAD,1D Min,1.37918
$USDCAD,1D Max,1.38691
$USDCAD,CallWall 0DTE,1.3857
$USDCAD,PutWall 0DTE,1.38094
$USDCAD,HVL 0DTE,1.37621
$USDCAD,GammaWall 0DTE,1.38094
$USDCAD,G1,1.3905
$USDCAD,G2,1.39532
$USDCAD,G3,1.40508
$USDCAD,G4,1.35761
$USDCAD,G5,1.33951
$USDCAD,G6,1.36685
$USDCAD,G7,1.41498
$USDCAD,G8,1.40019
$USDCAD,G9,1.3485
$USDCAD,G10,1.37151
$USDJPY,CallWall,149.31378
$USDJPY,PutWall,146.49244
$USDJPY,HVL,148.6531
$USDJPY,1D Min,146.91954
$USDJPY,1D Max,148.43417
$USDJPY,CallWall 0DTE,149.98036
$USDJPY,PutWall 0DTE,147.78123
$USDJPY,HVL 0DTE,148.6531
$USDJPY,GammaWall 0DTE,147.78123
$USDJPY,G1,147.13402
$USDJPY,G2,148.21588
$USDJPY,G3,146.06783
$USDJPY,G4,143.98115
$USDJPY,G5,142.96
$USDJPY,G6,150.42806
$USDJPY,G7,141.95324
$USDJPY,G8,139.98167
$USDJPY,G9,145.01698
$USDJPY,G10,153.87298
$USDCHF,CallWall,0.79157
$USDCHF,PutWall,0.77934
$USDCHF,HVL,0.78541
$USDCHF,1D Min,0.78847
$USDCHF,1D Max,0.79551
$USDCHF,CallWall 0DTE,0.79783
$USDCHF,PutWall 0DTE,0.78541
$USDCHF,HVL 0DTE,0.79783
$USDCHF,GammaWall 0DTE,0.78541
$USDCHF,G1,0.79469
$USDCHF,G2,0.78848
$USDCHF,G3,0.84456
$USDCHF,G4,0.8074
$USDCHF,G5,0.77337
$USDCHF,G6,0.85169
$USDCHF,G7,0.77042
$USDCHF,G8,0.77635
$USDCHF,G9,0.81391
$USDCHF,G10,0.82725
$USDXAU,CallWall,0.0
$USDXAU,PutWall,0.0
$USDXAU,HVL,0.0
$USDXAU,1D Min,0.0
$USDXAU,1D Max,0.0
$USDXAU,CallWall 0DTE,0.0
$USDXAU,PutWall 0DTE,0.0
$USDXAU,HVL 0DTE,0.0
$USDXAU,GammaWall 0DTE,0.0
$USDXAU,G1,0.0
$USDXAU,G2,0.0
$USDXAU,G3,0.0
$USDXAU,G4,0.0
$USDXAU,G5,0.0
$USDXAU,G6,0.0
$USDXAU,G7,0.0
$USDXAU,G8,0.0
$USDXAU,G9,0.0
$USDXAU,G10,0.0
$AUDUSD,CallWall,0.67859
$AUDUSD,PutWall,0.64865
$AUDUSD,HVL,0.65614
$AUDUSD,1D Min,0.65598
$AUDUSD,1D Max,0.66268
$AUDUSD,CallWall 0DTE,0.66113
$AUDUSD,PutWall 0DTE,0.6736
$AUDUSD,HVL 0DTE,0.65863
$AUDUSD,GammaWall 0DTE,0.66113
$AUDUSD,G1,0.66362
$AUDUSD,G2,0.65364
$AUDUSD,G3,0.66861
$AUDUSD,G4,0.68358
$AUDUSD,G5,0.63867
$AUDUSD,G6,0.66612
$AUDUSD,G7,0.64366
$AUDUSD,G8,0.65115
$AUDUSD,G9,0.68857
$AUDUSD,G10,0.63368
$CADUSD,CallWall,0.72663
$CADUSD,PutWall,0.72166
$CADUSD,HVL,0.72414
$CADUSD,1D Min,0.72103
$CADUSD,1D Max,0.72507
$CADUSD,CallWall 0DTE,0.72414
$CADUSD,PutWall 0DTE,0.72166
$CADUSD,HVL 0DTE,0.72663
$CADUSD,GammaWall 0DTE,0.72414
$CADUSD,G1,0.71917
$CADUSD,G2,0.71668
$CADUSD,G3,0.7117
$CADUSD,G4,0.73659
$CADUSD,G5,0.74654
$CADUSD,G6,0.73161
$CADUSD,G7,0.70673
$CADUSD,G8,0.71419
$CADUSD,G9,0.74156
$CADUSD,G10,0.72912
$JPYUSD,CallWall,0.00683
$JPYUSD,PutWall,0.0067
$JPYUSD,HVL,0.00673
$JPYUSD,1D Min,0.00674
$JPYUSD,1D Max,0.00681
$JPYUSD,CallWall 0DTE,0.00677
$JPYUSD,PutWall 0DTE,0.00667
$JPYUSD,HVL 0DTE,0.00673
$JPYUSD,GammaWall 0DTE,0.00677
$JPYUSD,G1,0.0068
$JPYUSD,G2,0.00675
$JPYUSD,G3,0.00685
$JPYUSD,G4,0.00695
$JPYUSD,G5,0.00699
$JPYUSD,G6,0.00665
$JPYUSD,G7,0.00704
$JPYUSD,G8,0.00714
$JPYUSD,G9,0.0069
$JPYUSD,G10,0.0065
$EURUSD,CallWall,1.19536
$EURUSD,PutWall,1.16548
$EURUSD,HVL,1.17295
$EURUSD,1D Min,1.17581
$EURUSD,1D Max,1.18583
$EURUSD,CallWall 0DTE,1.18291
$EURUSD,PutWall 0DTE,1.17544
$EURUSD,HVL 0DTE,1.17544
$EURUSD,GammaWall 0DTE,1.18291
$EURUSD,G1,1.1854
$EURUSD,G2,1.18042
$EURUSD,G3,1.17793
$EURUSD,G4,1.19038
$EURUSD,G5,1.18789
$EURUSD,G6,1.20532
$EURUSD,G7,1.21529
$EURUSD,G8,1.17046
$EURUSD,G9,1.15552
$EURUSD,G10,1.15054
$GBPUSD,CallWall,1.3572
$GBPUSD,PutWall,1.3497
$GBPUSD,HVL,1.3547
$GBPUSD,1D Min,1.34587
$GBPUSD,1D Max,1.35753
$GBPUSD,CallWall 0DTE,1.3697
$GBPUSD,PutWall 0DTE,1.3497
$GBPUSD,HVL 0DTE,1.3597
$GBPUSD,GammaWall 0DTE,1.3697
$GBPUSD,G1,1.3472
$GBPUSD,G2,1.3522
$GBPUSD,G3,1.3422
$GBPUSD,G4,1.3447
$GBPUSD,G5,1.3622
$GBPUSD,G6,1.3397
$GBPUSD,G7,1.37969
$GBPUSD,G8,1.3647
$GBPUSD,G9,1.3297
$GBPUSD,G10,1.3347
$CHFUSD,CallWall,1.28313
$CHFUSD,PutWall,1.26331
$CHFUSD,HVL,1.27322
$CHFUSD,1D Min,1.25706
$CHFUSD,1D Max,1.26828
$CHFUSD,CallWall 0DTE,1.27322
$CHFUSD,PutWall 0DTE,1.25341
$CHFUSD,HVL 0DTE,1.25341
$CHFUSD,GammaWall 0DTE,1.27322
$CHFUSD,G1,1.25836
$CHFUSD,G2,1.26827
$CHFUSD,G3,1.18405
$CHFUSD,G4,1.23854
$CHFUSD,G5,1.29304
$CHFUSD,G6,1.17414
$CHFUSD,G7,1.29799
$CHFUSD,G8,1.28808
$CHFUSD,G9,1.22863
$CHFUSD,G10,1.20882
$XAUUSD,CallWall,3754.48
$XAUUSD,PutWall,3614.31
$XAUUSD,HVL,3444.11
$XAUUSD,1D Min,3708.82
$XAUUSD,1D Max,3789.73
$XAUUSD,CallWall 0DTE,3754.48
$XAUUSD,PutWall 0DTE,3714.43
$XAUUSD,HVL 0DTE,3719.44
$XAUUSD,GammaWall 0DTE,3754.48
$XAUUSD,G1,3779.51
$XAUUSD,G2,3729.45
$XAUUSD,G3,3764.49
$XAUUSD,G4,3744.47
$XAUUSD,G5,3724.45
$XAUUSD,G6,3804.54
$XAUUSD,G7,3704.42
$XAUUSD,G8,3679.39
$XAUUSD,G9,3694.41
$XAUUSD,G10,3684.4
$USDEUR,CallWall,0.85802
$USDEUR,PutWall,0.83657
$USDEUR,HVL,0.85255
$USDEUR,1D Min,0.84329
$USDEUR,1D Max,0.85048
$USDEUR,CallWall 0DTE,0.85074
$USDEUR,PutWall 0DTE,0.84537
$USDEUR,HVL 0DTE,0.85074
$USDEUR,GammaWall 0DTE,0.84537
$USDEUR,G1,0.8436
$USDEUR,G2,0.84715
$USDEUR,G3,0.84895
$USDEUR,G4,0.84007
$USDEUR,G5,0.84183
$USDEUR,G6,0.82965
$USDEUR,G7,0.82285
$USDEUR,G8,0.85436
$USDEUR,G9,0.86541
$USDEUR,G10,0.86916
$USDAUD,CallWall,1.54166
$USDAUD,PutWall,1.47364
$USDAUD,HVL,1.52407
$USDAUD,1D Min,1.50902
$USDAUD,1D Max,1.52444
$USDAUD,CallWall 0DTE,1.48456
$USDAUD,PutWall 0DTE,1.51257
$USDAUD,HVL 0DTE,1.5183
$USDAUD,GammaWall 0DTE,1.51257
$USDAUD,G1,1.50688
$USDAUD,G2,1.52989
$USDAUD,G3,1.49564
$USDAUD,G4,1.46289
$USDAUD,G5,1.56575
$USDAUD,G6,1.50124
$USDAUD,G7,1.55361
$USDAUD,G8,1.53575
$USDAUD,G9,1.45229
$USDAUD,G10,1.57808
$USDGBP,CallWall,0.74091
$USDGBP,PutWall,0.73681
$USDGBP,HVL,0.73817
$USDGBP,1D Min,0.73663
$USDGBP,1D Max,0.74301
$USDGBP,CallWall 0DTE,0.74091
$USDGBP,PutWall 0DTE,0.73009
$USDGBP,HVL 0DTE,0.73546
$USDGBP,GammaWall 0DTE,0.73009
$USDGBP,G1,0.74228
$USDGBP,G2,0.73954
$USDGBP,G3,0.74504
$USDGBP,G4,0.74366
$USDGBP,G5,0.73411
$USDGBP,G6,0.74643
$USDGBP,G7,0.7248
$USDGBP,G8,0.73276
$USDGBP,G9,0.75205
$USDGBP,G10,0.74923
